gene,mutation,drug,resistance
rpoB,S531L,Rifampicin,High
rpoB,H526Y,Rifampicin,High
rpoB,D516V,Rifampicin,High
katG,S315T,Isoniazid,High
katG,S315N,Isoniazid,High
inhA,C15T,Isoniazid,Low
inhA,T8A,Isoniazid,Low
gyrA,A90V,Fluoroquinolone,High
gyrA,D94G,Fluoroquinolone,High
gyrA,D94N,Fluoroquinolone,High
rrs,A1401G,Injectable,High
rrs,G1484T,Injectable,High
embB,M306V,Ethambutol,Medium
embB,M306I,Ethambutol,Medium
pncA,V139A,Pyrazinamide,High
pncA,Y103D,Pyrazinamide,High
pncA,G97D,Pyrazinamide,High